;freq[Hz];re:Trc1_S11;im:Trc1_S11;re:Trc2_S21;im:Trc2_S21;location
0;2400000000.0;0.169901117682457;0.0391116477549076;0.0019516617758199;0.0001735150581225;2
1;2400166666.666667;0.1708370894193649;0.0385946445167064;0.0019783021416515;0.0004486139805521;2
2;2400333333.333334;0.1714496165513992;0.0378028899431228;0.0019850060343742;0.000432785047451;2
3;2400500000.0;0.1720018535852432;0.0372065156698226;0.0021325233392417;0.0005072214989922;2
4;2400666666.666667;0.1723826676607132;0.0364015214145183;0.0022817130666226;0.0005089195910841;2
5;2400833333.333334;0.1730630695819855;0.0359353311359882;0.0021641757339239;0.0004313756071496;2
6;2401000000.0;0.1735549420118332;0.03528843075037;0.0023835597094148;0.0005734162405133;2
7;2401166666.666667;0.1740469187498093;0.034575305879116;0.0025824569165706;0.0003760544059332;2
8;2401333333.333334;0.174078643321991;0.0340254008769989;0.002739549614489;0.0002309209521627;2
9;2401500000.0;0.1744293868541718;0.0333860702812671;0.0028620336670428;-3.823497536359355e-05;2
10;2401666666.666667;0.1744847595691681;0.0329262763261795;0.0028291658964008;0.0001385814684908;2
11;2401833333.333334;0.1747380644083023;0.0321205779910087;0.0029054842889308;3.412336809560657e-05;2
12;2402000000.0;0.1746275126934052;0.0314965546131134;0.0031311814673244;-0.0001533162576379;2
13;2402166666.666667;0.1748795956373215;0.0306995380669832;0.0029449998401105;-0.0004041532811243;2
14;2402333333.333334;0.1747107207775116;0.0300742946565151;0.0030730003491044;-0.0005101248389109;2
15;2402500000.0;0.1746186763048172;0.0294436048716306;0.0031701566185802;-0.0005765968235209;2
16;2402666666.666667;0.1744384914636612;0.0287447702139616;0.0031168838031589;-0.0008058824460022;2
17;2402833333.333334;0.1741162240505219;0.0279971789568662;0.002988840220496;-0.0010265944292768;2
18;2403000000.0;0.1739484667778015;0.026906993240118;0.0032551137264817;-0.0013508788542822;2
19;2403166666.666667;0.1737648993730545;0.0262017771601676;0.0030605702195316;-0.0012475765543058;2
20;2403333333.333334;0.173585057258606;0.0250983163714408;0.0030186716467142;-0.0014007525751367;2
21;2403500000.0;0.172960564494133;0.0239289607852697;0.0029684975743293;-0.0015604655491188;2
22;2403666666.666667;0.172800675034523;0.0228629019111394;0.0028252222109586;-0.0017911805771291;2
23;2403833333.333334;0.1724483072757721;0.0218434948474168;0.0028406837955117;-0.0019274658989161;2
24;2404000000.0;0.1720667779445648;0.0205563195049762;0.0026542404666543;-0.0020579758565872;2
25;2404166666.666667;0.1716555207967758;0.0192341078072786;0.002670967252925;-0.0022231654729694;2
26;2404333333.333334;0.1711926013231278;0.0181534402072429;0.002527977572754;-0.0022500187624245;2
27;2404500000.0;0.1706837266683579;0.0166238062083721;0.0023771780543029;-0.0023283141199499;2
28;2404666666.666667;0.1705243587493897;0.0151388309895992;0.0023568088654428;-0.0025230415631085;2
29;2404833333.333334;0.1700753420591354;0.0134983081370592;0.002254152437672;-0.0027676131576299;2
30;2405000000.0;0.1699421554803848;0.0120275747030973;0.0021790459286421;-0.0028250347822904;2
31;2405166666.666667;0.1695834100246429;0.0103762624785304;0.0018258407944813;-0.0029376093298196;2
32;2405333333.333334;0.1696299463510513;0.0086263567209243;0.0019889969844371;-0.0029338186141103;2
33;2405500000.0;0.1693050265312195;0.0068726707249879;0.0015556524740532;-0.0029129146132618;2
34;2405666666.666667;0.1690424233675003;0.0051566213369369;0.0013599597150459;-0.0032535004429519;2
35;2405833333.333334;0.1687283217906952;0.0034546433016657;0.0011987109901383;-0.0031051826663315;2
36;2406000000.0;0.1686576306819916;0.0013391816755756;0.0009336452931165;-0.0031318531837314;2
37;2406166666.666667;0.1681942790746689;-0.0002690971305128;0.000764567987062;-0.0030956862028688;2
38;2406333333.333334;0.1681631654500961;-0.0021391967311501;0.0005951774073764;-0.0032589884940534;2
39;2406500000.0;0.1679509282112122;-0.0040167039260268;0.0004332145908847;-0.002937156939879;2
40;2406666666.666667;0.1675310283899307;-0.005653815343976;0.0001372587139485;-0.0030578591395169;2
41;2406833333.333334;0.1674996614456177;-0.0075825275853276;5.001085810363293e-05;-0.0030252640135586;2
42;2407000000.0;0.16738660633564;-0.009358893148601;-2.459511597407982e-05;-0.0027772500179708;2
43;2407166666.666667;0.1673329919576645;-0.0109169203788042;-0.0002114329254254;-0.0025702395942062;2
44;2407333333.333334;0.167211651802063;-0.012692479416728;-0.0001556174829602;-0.0024869516491889;2
45;2407500000.0;0.1670065671205521;-0.0142364567145705;-0.0003228616260457;-0.0023515508510172;2
46;2407666666.666667;0.1669035255908966;-0.0154302548617124;-0.000357958371751;-0.0021695198956876;2
47;2407833333.333334;0.1668067425489426;-0.0169809460639953;-0.0002865322167053;-0.0020831793081015;2
48;2408000000.0;0.1670204401016235;-0.0182863064110279;-0.0003278715594206;-0.0019392113899812;2
49;2408166666.666667;0.1671491712331772;-0.0193559452891349;-0.0001841483463067;-0.001889523002319;2
50;2408333333.333334;0.1674442440271378;-0.0205854382365942;-6.523658521473408e-05;-0.0018204376101493;2
51;2408500000.0;0.1676277965307236;-0.0217362865805625;-1.379755576635944e-05;-0.0018900270806625;2
52;2408666666.666667;0.1678308695554733;-0.0227749925106763;-3.240189835196361e-05;-0.0018294370966032;2
53;2408833333.333334;0.1680788695812225;-0.0237027946859598;0.0001514019240858;-0.0020656487904489;2
54;2409000000.0;0.168370857834816;-0.024806072935462;8.428435830865055e-05;-0.00189878011588;2
55;2409166666.666667;0.1689382493495941;-0.0256886817514896;0.0001156290818471;-0.0020330578554421;2
56;2409333333.333334;0.1692982465028763;-0.026656636968255;0.0002044334396487;-0.0021920697763562;2
57;2409500000.0;0.1697246432304382;-0.0275040753185749;0.0001884180965134;-0.0022816371638327;2
58;2409666666.666667;0.1699953824281693;-0.0286129284650087;-4.260432615410537e-05;-0.0022747903130948;2
59;2409833333.333334;0.1703843027353287;-0.0292078405618667;-0.0001534234470454;-0.0023414848838001;2
60;2410000000.0;0.1708772480487824;-0.0301334578543901;-0.0002185358607675;-0.0024501150473952;2
61;2410166666.666667;0.1714069247245789;-0.0310569554567337;-0.0002602171734906;-0.0024679817724972;2
62;2410333333.333334;0.1714261919260025;-0.0317118167877197;-0.000454963708762;-0.0024094167165458;2
63;2410500000.0;0.1717434674501419;-0.0325371176004409;-0.0004201504925731;-0.0024909018538892;2
64;2410666666.666667;0.1717187613248825;-0.0335216633975505;-0.0005069700418971;-0.0024390767794102;2
65;2410833333.333334;0.1720916777849197;-0.0341637805104255;-0.0004536981286946;-0.0023780360352247;2
66;2411000000.0;0.172142505645752;-0.0347886234521865;-0.0005494412034749;-0.0024520971346646;2
67;2411166666.666667;0.1720797717571259;-0.0354870818555355;-0.0006980969337746;-0.002473575528711;2
68;2411333333.333334;0.1719619631767273;-0.0360039249062538;-0.0005148982745595;-0.0025056959129869;2
69;2411500000.0;0.1716950535774231;-0.0369512252509594;-0.0005346233374439;-0.0024442274589091;2
70;2411666666.666667;0.171972319483757;-0.0375904068350791;-0.0005179173895157;-0.0024574440903961;2
71;2411833333.333334;0.1717325448989868;-0.0380197428166866;-0.0005554194212891;-0.0025596437044441;2
72;2412000000.0;0.1714724600315094;-0.038884699344635;-0.0005878088413737;-0.0028276103548705;2
73;2412166666.666667;0.1710569560527802;-0.0395770892500877;-0.0007143637631088;-0.0030063795857131;2
74;2412333333.333334;0.1709669679403305;-0.0401924848556518;-0.0009389257174916;-0.002877939492464;2
75;2412500000.0;0.1703646034002304;-0.0408876873552799;-0.0010100257350131;-0.0030759626533836;2
76;2412666666.666667;0.1699815690517426;-0.0418658815324306;-0.0010430128313601;-0.0031783909071236;2
77;2412833333.333334;0.1696249097585678;-0.0424980334937572;-0.0014527637977153;-0.0031458032317459;2
78;2413000000.0;0.1690163761377335;-0.0430882759392261;-0.0017718084855005;-0.0032607875764369;2
79;2413166666.666667;0.1682799160480499;-0.0439682528376579;-0.0019720960408449;-0.0032465134281665;2
80;2413333333.333334;0.1675280183553696;-0.0448369793593883;-0.0022180345840752;-0.0032568699680268;2
81;2413500000.0;0.1670605540275574;-0.045716818422079;-0.0024614837020635;-0.0031389147043228;2
82;2413666666.666667;0.1664573401212692;-0.0464735999703407;-0.0028864252381026;-0.003064784919843;2
83;2413833333.333334;0.1655406206846237;-0.0471909455955028;-0.0030357190407812;-0.0028350728098303;2
84;2414000000.0;0.1648400872945786;-0.0480803847312927;-0.0032830596901476;-0.0028716679662466;2
85;2414166666.666667;0.1641707122325897;-0.0489939823746681;-0.0034443465992808;-0.0027046808972954;2
86;2414333333.333334;0.1634845286607742;-0.0499747581779956;-0.0036639226600527;-0.0023957956582307;2
87;2414500000.0;0.1631795614957809;-0.0508069470524787;-0.0038212221115827;-0.0021204657386988;2
88;2414666666.666667;0.162436917424202;-0.051630213856697;-0.0040223412215709;-0.0019677300006151;2
89;2414833333.333334;0.1619007885456085;-0.0526695623993873;-0.0041487924754619;-0.0018244475359097;2
90;2415000000.0;0.1613231003284454;-0.0537301376461982;-0.0043374183587729;-0.0014279950410127;2
91;2415166666.666667;0.1609996110200882;-0.0548183396458625;-0.0043692453764379;-0.0011398618808016;2
92;2415333333.333334;0.160751685500145;-0.0560948364436626;-0.004439118783921;-0.000753438391257;2
93;2415500000.0;0.1602880507707596;-0.0573223046958446;-0.0042982012964785;-0.0004594106867443;2
94;2415666666.666667;0.1598175317049027;-0.0584643110632896;-0.004323645029217;-0.0002120184944942;2
95;2415833333.333334;0.1595935970544815;-0.059983916580677;-0.0044390163384377;0.0001067453486029;2
96;2416000000.0;0.159044474363327;-0.0613209940493106;-0.0041638570837676;0.0002503510622773;2
97;2416166666.666667;0.1589511930942535;-0.0628280565142631;-0.0040595438331365;0.0003918610163964;2
98;2416333333.333334;0.1584427505731583;-0.0642206296324729;-0.0040641073137521;0.0008804702665656;2
99;2416500000.0;0.1582127511501312;-0.0655850693583488;-0.0038900708314031;0.000992588349618;2
100;2416666666.666667;0.1577621400356293;-0.0671096593141555;-0.0035605889279395;0.0008987824548967;2
101;2416833333.333334;0.157487154006958;-0.0686324164271354;-0.0035084409173578;0.0012012101942673;2
102;2417000000.0;0.1568981111049652;-0.0699839293956756;-0.0033896006643772;0.0014194534160196;2
103;2417166666.666667;0.1565844416618347;-0.0712141543626785;-0.0031169231515377;0.0015275246696546;2
104;2417333333.333334;0.1562909483909607;-0.072549819946289;-0.003023887053132;0.0016489195404574;2
105;2417500000.0;0.1559358835220337;-0.0740136951208114;-0.0028341824654489;0.0017029662849381;2
106;2417666666.666667;0.1557563096284866;-0.0750396326184272;-0.0026847904082387;0.0018745249835774;2
107;2417833333.333334;0.1555198431015015;-0.0762277469038963;-0.0026894898619502;0.0017219261499121;2
108;2418000000.0;0.1551287770271301;-0.0773544386029243;-0.0024506761692464;0.001870818901807;2
109;2418166666.666667;0.1549846827983856;-0.0783324092626571;-0.0022751782089471;0.001823530648835;2
110;2418333333.333334;0.1551703065633774;-0.0794907584786415;-0.0021915573161095;0.0018605596851557;2
111;2418500000.0;0.1547781825065613;-0.0805398821830749;-0.0019216219661757;0.0019423081539571;2
112;2418666666.666667;0.1549036353826523;-0.0815636068582534;-0.0017955319490283;0.0017390868160873;2
113;2418833333.333334;0.154592365026474;-0.0824632346630096;-0.0019506948301568;0.001826106570661;2
114;2419000000.0;0.1544723063707352;-0.0833485573530197;-0.0016336810076609;0.0017913258634507;2
115;2419166666.666667;0.1543356478214264;-0.0841336920857429;-0.0015796069055795;0.0017822752706706;2
116;2419333333.333334;0.1541197746992111;-0.0847245752811431;-0.0015507206553593;0.001632904401049;2
117;2419500000.0;0.1540709435939789;-0.0858074352145195;-0.0014356663450598;0.001623195130378;2
118;2419666666.666667;0.1541402339935303;-0.0862810984253883;-0.0015185143565759;0.0016407029470428;2
119;2419833333.333334;0.1538268625736237;-0.0868206918239593;-0.0015117665752768;0.0016982015222311;2
120;2420000000.0;0.1538775265216827;-0.0873067528009414;-0.0015343547565862;0.0017249889206141;2
121;2420166666.666667;0.1537889838218689;-0.0879758670926094;-0.0015253438614308;0.0016713206423446;2
122;2420333333.333334;0.15375916659832;-0.088468961417675;-0.0012686946429312;0.0017209202051162;2
123;2420500000.0;0.1537116318941116;-0.088915430009365;-0.0015734218759462;0.0016263485886156;2
124;2420666666.666667;0.1534899175167084;-0.0892580673098564;-0.0012431570794433;0.0018622145289555;2
125;2420833333.333334;0.153507724404335;-0.0899029374122619;-0.0013201411347836;0.0019020295003429;2
126;2421000000.0;0.1531208902597427;-0.0905095264315605;-0.0012361239641904;0.001956429798156;2
127;2421166666.666667;0.1530261039733887;-0.0910407528281212;-0.0011556280078366;0.0019549664575606;2
128;2421333333.333334;0.1528053283691406;-0.0916110053658485;-0.0009674142347648;0.0021077890414744;2
129;2421500000.0;0.1523493528366089;-0.0919561982154846;-0.0008198730647563;0.00202271877788;2
130;2421666666.666667;0.1519207209348679;-0.0926340296864509;-0.0009012082591652;0.001974503044039;2
131;2421833333.333334;0.1515771001577377;-0.0929936468601226;-0.0006986163207329;0.0019106278195977;2
132;2422000000.0;0.1508903950452805;-0.0936197116971016;-0.0005911311600357;0.0019473414868116;2
133;2422166666.666667;0.1504325866699219;-0.0943252742290496;-0.0004792455292772;0.0018973822006955;2
134;2422333333.333334;0.1498420983552933;-0.0946186482906341;-0.0003880044096149;0.0019022251944988;2
135;2422500000.0;0.1493037194013596;-0.0952212512493133;-0.0004377855511847;0.0017132546054199;2
136;2422666666.666667;0.1484860628843308;-0.0956702530384063;-0.0002896593068726;0.0014493451453745;2
137;2422833333.333334;0.1478389948606491;-0.0964772254228592;-0.0003642119700089;0.0013999778311699;2
138;2423000000.0;0.1471610367298126;-0.0969705209136009;-0.000470033759484;0.0012966941576451;2
139;2423166666.666667;0.1464513242244721;-0.097656138241291;-0.0003617258626036;0.0011729558464139;2
140;2423333333.333334;0.1457759141921997;-0.0981805622577667;-0.0005692275008186;0.0012575326254591;2
141;2423500000.0;0.1449577957391739;-0.0988406687974929;-0.0006581164780072;0.0010482663055881;2
142;2423666666.666667;0.1440110951662064;-0.0997680276632309;-0.0006756532238796;0.0011410920415073;2
143;2423833333.333334;0.1433166861534119;-0.1005657240748406;-0.0007466063834726;0.0011591756483539;2
144;2424000000.0;0.1423465609550476;-0.1012217625975609;-0.0008233739063143;0.0013387151993811;2
145;2424166666.666667;0.1413637697696686;-0.1019078567624092;-0.0010388878872618;0.0013733566738665;2
146;2424333333.333334;0.140508159995079;-0.1026757806539536;-0.0010598906083032;0.001340236631222;2
147;2424500000.0;0.1397043168544769;-0.1037133261561394;-0.001335653825663;0.0014812933513894;2
148;2424666666.666667;0.1389004588127136;-0.1043107807636261;-0.0012260768562555;0.0015818763058632;2
149;2424833333.333334;0.1378758847713471;-0.1053166911005974;-0.0012259952491149;0.0017132252687588;2
150;2425000000.0;0.1371797025203705;-0.1061909049749374;-0.0013454096624627;0.0017754365690052;2
151;2425166666.666667;0.1362617015838623;-0.1071463525295258;-0.0014052172191441;0.0021902138832956;2
152;2425333333.333334;0.1354768574237824;-0.108076311647892;-0.0012869838392362;0.0021935983095318;2
153;2425500000.0;0.1350057125091553;-0.1091631799936295;-0.0011986742028966;0.0023344985675066;2
154;2425666666.666667;0.1340388804674149;-0.110140785574913;-0.0012314021587371;0.0026058848015964;2
155;2425833333.333334;0.1333562284708023;-0.1111846268177033;-0.0010451398557052;0.0026505046989768;2
156;2426000000.0;0.1327530592679977;-0.1124652251601219;-0.0010190540924668;0.0030670168343931;2
157;2426166666.666667;0.1321953982114792;-0.1134601086378098;-0.000787096505519;0.003099144436419;2
158;2426333333.333334;0.1314687430858612;-0.1145358979701996;-0.0006433220696635;0.0032218098640441;2
159;2426500000.0;0.1308690458536148;-0.1154450848698616;-0.0004573907353915;0.003249418688938;2
160;2426666666.666667;0.1304555684328079;-0.116466797888279;-0.0003343213757034;0.003545013256371;2
161;2426833333.333334;0.1297241300344467;-0.1176013723015785;4.460992568056099e-05;0.0034718718379735;2
162;2427000000.0;0.1293217092752457;-0.1186156645417213;0.0001914773165481;0.0033883820287883;2
163;2427166666.666667;0.1288083046674728;-0.1194918751716614;0.0005366986733861;0.0033621164038777;2
164;2427333333.333334;0.128447636961937;-0.1205824166536331;0.0007553393952548;0.0035701354499906;2
165;2427500000.0;0.1281183660030365;-0.1215048879384995;0.0008305060327984;0.0033730168361216;2
166;2427666666.666667;0.1276957839727402;-0.122488260269165;0.0010000695474445;0.0033387953881174;2
167;2427833333.333334;0.1274333745241165;-0.1232630833983421;0.0011946813901886;0.0033177065197378;2
168;2428000000.0;0.1271866112947464;-0.1242692619562149;0.0013484770897775;0.0032345119398087;2
169;2428166666.666667;0.1271341145038605;-0.1250646710395813;0.0014336025342345;0.0031074467115104;2
170;2428333333.333334;0.1271690875291824;-0.1259346306324005;0.0016990290023386;0.003056543180719;2
171;2428500000.0;0.1269235461950302;-0.1268304586410523;0.0019351348746567;0.0028632681351155;2
172;2428666666.666667;0.1267791092395783;-0.1276179701089859;0.0019497034372761;0.0027889658231288;2
173;2428833333.333334;0.1264050304889679;-0.1284523159265518;0.0020465075504034;0.0027053244411945;2
174;2429000000.0;0.1262922137975693;-0.1293128132820129;0.0021919759456068;0.0025874765124171;2
175;2429166666.666667;0.1261630654335022;-0.1298412084579468;0.0023193771485239;0.0025895342696458;2
176;2429333333.333334;0.1260963976383209;-0.1306115090847015;0.0022859273012727;0.0023809121921658;2
177;2429500000.0;0.1259361803531647;-0.1314206421375275;0.0022885059006512;0.0022905999794602;2
178;2429666666.666667;0.1256640404462814;-0.1320045292377472;0.0026247017085552;0.0021321363747119;2
179;2429833333.333334;0.1252718865871429;-0.1324219703674316;0.0024973738472908;0.001989412587136;2
180;2430000000.0;0.125033974647522;-0.1332439482212067;0.0026390510611236;0.0019177084323018;2
181;2430166666.666667;0.1247485727071762;-0.1336756646633148;0.0027563497424125;0.0016516101313754;2
182;2430333333.333334;0.1245454028248787;-0.1340420097112656;0.0027155275456607;0.0015676008770242;2
183;2430500000.0;0.1239687278866768;-0.134665459394455;0.002582271117717;0.0014138490660116;2
184;2430666666.666667;0.1236352398991585;-0.135117843747139;0.0027120287995785;0.0011792668374255;2
185;2430833333.333334;0.1231422424316406;-0.1357310563325882;0.0025576034095138;0.0011924556456506;2
186;2431000000.0;0.122775137424469;-0.1359663754701614;0.0026767151430249;0.0010794083354994;2
187;2431166666.666667;0.1221195161342621;-0.1365521252155304;0.0025709255132824;0.0009938566945493;2
188;2431333333.333334;0.1214436292648315;-0.1368528455495834;0.0026105630677193;0.0009713249164633;2
189;2431500000.0;0.1206479519605637;-0.1371765285730362;0.0025060256011784;0.0008693684358149;2
190;2431666666.666667;0.1201050505042076;-0.1375101506710053;0.0025553083978593;0.0008867615833878;2
191;2431833333.333334;0.1191208884119988;-0.1380154490470886;0.0027056343387812;0.0007852335111238;2
192;2432000000.0;0.1182875260710716;-0.1382357478141785;0.0027039633132517;0.0006953182746656;2
193;2432166666.666667;0.1173685565590859;-0.1385888010263443;0.0027466008905321;0.00075490900781;2
194;2432333333.333334;0.1166421175003052;-0.1387194842100143;0.0027344988193362;0.0005035758949816;2
195;2432500000.0;0.1156047061085701;-0.1391611099243164;0.0027400515973567;0.0006425816682167;2
196;2432666666.666667;0.1145486161112785;-0.1394864618778229;0.0027124467305839;0.0005130698555149;2
197;2432833333.333334;0.1138478443026543;-0.1400087475776672;0.0029266022611409;0.0003731307806447;2
198;2433000000.0;0.1126648634672165;-0.1401011794805527;0.0028145764954388;0.0002634828269947;2
199;2433166666.666667;0.1116874143481255;-0.1406251341104507;0.0029174210503697;0.0002941545390058;2
200;2433333333.333334;0.1105827316641808;-0.1410721093416214;0.002947463421151;0.0001162324188044;2
201;2433500000.0;0.1094918325543404;-0.1416199207305908;0.0029697534628212;-3.180884959874675e-05;2
202;2433666666.666667;0.1085812300443649;-0.1420044749975205;0.0030075749382376;-9.261345257982612e-05;2
203;2433833333.333334;0.1073198318481445;-0.1426787376403809;0.0030324391555041;-0.0004807515942957;2
204;2434000000.0;0.1065279394388199;-0.1433286666870117;0.0030520905274897;-0.000499352463521;2
205;2434166666.666667;0.1052370443940163;-0.1438662558794022;0.0029132636263966;-0.0005638675065711;2
206;2434333333.333334;0.1039424389600754;-0.1445512622594833;0.0029751935508102;-0.0007600351818837;2
207;2434500000.0;0.1030118390917778;-0.145039975643158;0.0028146146796643;-0.0009349261526949;2
208;2434666666.666667;0.101890429854393;-0.1459266841411591;0.0029028968419879;-0.0011569722555577;2
209;2434833333.333334;0.1008422300219536;-0.1465285420417786;0.0027677987236529;-0.0011947740567848;2
210;2435000000.0;0.0998480468988418;-0.1472819596529007;0.0026691746897995;-0.0014290263643488;2
211;2435166666.666667;0.0988994687795639;-0.1480554491281509;0.0024731918238103;-0.0016025771619752;2
212;2435333333.333334;0.0979229658842086;-0.1490028947591782;0.0021701932419091;-0.0016079489141702;2
213;2435500000.0;0.0968360006809234;-0.1497617512941361;0.0020968152675777;-0.0017761952476575;2
214;2435666666.666667;0.0960705652832984;-0.1508090347051621;0.0020146786700934;-0.001750722178258;2
215;2435833333.333334;0.095237910747528;-0.1515233963727951;0.0016670557670295;-0.0016866063233464;2
216;2436000000.0;0.0943319797515869;-0.1525610983371735;0.0015344113344326;-0.0016221568221226;2
217;2436166666.666667;0.09339539706707;-0.153448760509491;0.0013982962118461;-0.0015398974064737;2
218;2436333333.333334;0.0928677320480346;-0.1543622314929962;0.0012033915845677;-0.0016497477190569;2
219;2436500000.0;0.0920845568180084;-0.1554228514432907;0.0013344893231987;-0.0013983772369101;2
220;2436666666.666667;0.0914276689291;-0.1564808338880539;0.0012033847160637;-0.0012614091392606;2
221;2436833333.333334;0.0907652452588081;-0.1573734134435654;0.0011475720675662;-0.00112710299436;2
222;2437000000.0;0.0900487378239631;-0.1582329124212265;0.0012206294341012;-0.0012055181432515;2
223;2437166666.666667;0.0894156619906425;-0.1593574285507202;0.0013025780208408;-0.0010577804641798;2
224;2437333333.333334;0.0887438580393791;-0.1602219939231873;0.0013236507074907;-0.0011903792619705;2
225;2437500000.0;0.0883461982011795;-0.161104679107666;0.0014098456595093;-0.0011757720494642;2
226;2437666666.666667;0.0877686142921447;-0.1621239632368088;0.0014514697249978;-0.0011355059687048;2
227;2437833333.333334;0.0874543264508247;-0.1628725826740265;0.0015236844774335;-0.0012680136132985;2
228;2438000000.0;0.0867608711123466;-0.1636465340852737;0.0014620170695707;-0.0013134903274476;2
229;2438166666.666667;0.0863471627235412;-0.1644111722707748;0.0015958592994138;-0.0012056663399562;2
230;2438333333.333334;0.0858004093170166;-0.1649112105369568;0.0015030059730634;-0.0014838239876553;2
231;2438500000.0;0.0854852721095085;-0.1656806766986847;0.0014477445511147;-0.0013872294221073;2
232;2438666666.666667;0.0851166322827339;-0.1663529574871063;0.0015204643132165;-0.0015214175218716;2
233;2438833333.333334;0.0846882760524749;-0.166743591427803;0.0013933377340435;-0.0016379386652261;2
234;2439000000.0;0.0844080746173858;-0.1672579199075699;0.001447039656341;-0.0014903011033311;2
235;2439166666.666667;0.0840182229876518;-0.1676942706108093;0.0012504403712227;-0.0015275061596184;2
236;2439333333.333334;0.0836847499012947;-0.1680423617362976;0.0013680938864126;-0.0017902438994497;2
237;2439500000.0;0.0831888690590858;-0.1683975607156754;0.0013028922257944;-0.0016284883022308;2
238;2439666666.666667;0.0828743726015091;-0.1686289459466934;0.0013256414094939;-0.0016925486270338;2
239;2439833333.333334;0.0827038213610649;-0.1689881384372711;0.0012979990569874;-0.0017873748438432;2
240;2440000000.0;0.0821359679102897;-0.1692072749137878;0.0012173007708042;-0.0017772630089893;2
241;2440166666.666667;0.0818347334861755;-0.1694604754447937;0.0011656185379251;-0.0018278830684721;2
242;2440333333.333334;0.0812874808907508;-0.16950823366642;0.0011956673115491;-0.0018240005010738;2
243;2440500000.0;0.080666035413742;-0.1696339547634125;0.0010531956795603;-0.0019871541298925;2
244;2440666666.666667;0.0803210213780403;-0.1697223484516144;0.0011088695609942;-0.0020472798496484;2
245;2440833333.333334;0.0797821432352066;-0.1698571145534515;0.0010822666808962;-0.0020311535336077;2
246;2441000000.0;0.0791906863451004;-0.1697505116462708;0.0010694278171285;-0.0021100104786455;2
247;2441166666.666667;0.07841207832098;-0.1698727756738663;0.0011031634639948;-0.002221694914624;2
248;2441333333.333334;0.0779237672686576;-0.1697637736797333;0.0010474247392266;-0.0022128601558506;2
249;2441500000.0;0.0769232660531997;-0.1697497516870499;0.0010326819028705;-0.0024940080475062;2
250;2441666666.666667;0.0761361122131347;-0.1696056127548218;0.0008631580858491;-0.0026341045740991;2
251;2441833333.333334;0.0754134804010391;-0.1696217358112335;0.0008269477402791;-0.0027436863165348;2
252;2442000000.0;0.0744842216372489;-0.1695530414581299;0.0005777703481726;-0.0028222985565662;2
253;2442166666.666667;0.0736975744366645;-0.1693900525569916;0.0005145819741301;-0.0027229425031691;2
254;2442333333.333334;0.0726832300424575;-0.1693821251392365;0.0003014036337845;-0.0028084451332688;2
255;2442500000.0;0.0716007724404335;-0.1694465577602387;0.0003739939129445;-0.0029417430050671;2
256;2442666666.666667;0.0705335810780525;-0.1694723218679428;0.0001085417170543;-0.0030366349965333;2
257;2442833333.333334;0.0695327073335647;-0.1695213913917542;-0.0001893740700324;-0.0029848257545381;2
258;2443000000.0;0.0681180581450462;-0.1694893091917038;-0.0003488502989057;-0.0029593820217996;2
259;2443166666.666667;0.0669627487659454;-0.1698070913553238;-0.0004483561497181;-0.0028887500520795;2
260;2443333333.333334;0.0655750930309295;-0.1697255820035934;-0.0006074904813431;-0.0027233487926423;2
261;2443500000.0;0.0642433613538742;-0.1698784083127976;-0.0008700335747562;-0.0028057736344635;2
262;2443666666.666667;0.0629557818174362;-0.1700743585824966;-0.0010210589971393;-0.0027209469117224;2
263;2443833333.333334;0.0616570152342319;-0.1705482751131058;-0.0009984140051528;-0.0026560819242149;2
264;2444000000.0;0.0600990653038024;-0.1707169115543366;-0.0011391503503546;-0.0024143680930137;2
265;2444166666.666667;0.0585482455790042;-0.1710196435451508;-0.0012747858418151;-0.0022895350120961;2
266;2444333333.333334;0.0573169887065887;-0.1714626997709274;-0.0012417261023074;-0.002195828128606;2
267;2444500000.0;0.0556770861148834;-0.1719670444726944;-0.0013068289263173;-0.0021241502836346;2
268;2444666666.666667;0.0541660152375698;-0.1723330467939377;-0.001267819548957;-0.002078948309645;2
269;2444833333.333334;0.0527023449540138;-0.1728519797325134;-0.0014113145880401;-0.0019320860737934;2
270;2445000000.0;0.0513479150831699;-0.1732902377843857;-0.0014148585032671;-0.0017704952042549;2
271;2445166666.666667;0.0497548915445804;-0.1738388389348984;-0.00135220203083;-0.0019105871906504;2
272;2445333333.333334;0.0482725985348224;-0.1744090020656586;-0.0013489194680005;-0.001904749777168;2
273;2445500000.0;0.04696074873209;-0.1749294996261597;-0.0012749349698424;-0.0017373632872477;2
274;2445666666.666667;0.0457060933113098;-0.1756018251180649;-0.0013507578987628;-0.0018471145303919;2
275;2445833333.333334;0.0441630221903324;-0.1763116866350174;-0.0013238766696304;-0.0018319787923246;2
276;2446000000.0;0.0428791157901287;-0.1767927706241608;-0.0013138225767761;-0.0017092865891754;2
277;2446166666.666667;0.0417099818587303;-0.177701473236084;-0.0015126853249967;-0.0016246369341388;2
278;2446333333.333334;0.0404746085405349;-0.178448498249054;-0.0015081847086548;-0.0016886119265109;2
279;2446500000.0;0.0393980331718921;-0.1789869219064713;-0.0016294363886117;-0.0016870241379365;2
280;2446666666.666667;0.0381419546902179;-0.1797638386487961;-0.0016231364570558;-0.0016463708598166;2
281;2446833333.333334;0.0373900346457958;-0.180394247174263;-0.0017369309207424;-0.0015494535909965;2
282;2447000000.0;0.0361108407378196;-0.1812088340520859;-0.0018347597215324;-0.0015364686259999;2
283;2447166666.666667;0.0351555049419403;-0.1818986237049103;-0.0018130977405235;-0.0013519139029085;2
284;2447333333.333334;0.0342174097895622;-0.1825778335332871;-0.0017836267361417;-0.0012816797243431;2
285;2447500000.0;0.0334577523171901;-0.183273583650589;-0.0020230552181601;-0.0012982675107195;2
286;2447666666.666667;0.0326694548130035;-0.1839393973350525;-0.0020722299814224;-0.0011215539416298;2
287;2447833333.333334;0.0316942296922206;-0.1847413629293442;-0.0019523830851539;-0.0011482997797429;2
288;2448000000.0;0.0311532188206911;-0.1852630823850632;-0.0019286286551505;-0.0010586744174361;2
289;2448166666.666667;0.0302221979945898;-0.1859496235847473;-0.0019222324481233;-0.0009671698790043;2
290;2448333333.333334;0.0297205112874507;-0.1864664107561112;-0.0018946300260722;-0.0008567265467718;2
291;2448500000.0;0.029146272689104;-0.186977356672287;-0.0017765429802238;-0.0008203983888961;2
292;2448666666.666667;0.0285546034574508;-0.1873598843812943;-0.0019096132600679;-0.0008411789312958;2
293;2448833333.333334;0.0278901904821395;-0.1879544407129288;-0.0018849041080102;-0.0007668144535273;2
294;2449000000.0;0.0273749884217977;-0.1880691349506378;-0.0018946442287415;-0.00078843801748;2
295;2449166666.666667;0.0268560238182544;-0.1885132342576981;-0.0019042833009734;-0.0007677830872125;2
296;2449333333.333334;0.026382440701127;-0.1886716932058334;-0.0019123051315546;-0.0006443323218263;2
297;2449500000.0;0.0256370790302753;-0.1887917369604111;-0.0019315194804221;-0.0006452225497923;2
298;2449666666.666667;0.0252321157604456;-0.1889798790216446;-0.001985624898225;-0.0005834219045937;2
299;2449833333.333334;0.0248235110193491;-0.1891504377126694;-0.0020135610830038;-0.0004589346935972;2
300;2450000000.0;0.0241136159747839;-0.1891967058181763;-0.0019169012084603;-0.0004449256812222;2
301;2450166666.666667;0.0237649735063314;-0.1890365183353424;-0.0020464016124606;-0.0004774253175128;2
302;2450333333.333334;0.0233639646321535;-0.1888758540153503;-0.0019592265598475;-0.0002452813496347;2
303;2450500000.0;0.0227248519659042;-0.1887708306312561;-0.0019387247739359;-0.0002872413315344;2
304;2450666666.666667;0.0223780591040849;-0.1884574741125107;-0.001878022798337;-0.0001540365628898;2
305;2450833333.333334;0.0217651054263114;-0.1882856786251068;-0.0017954114591702;-0.000261250854237;2
306;2451000000.0;0.0213709827512502;-0.1880071610212326;-0.0017613044474273;-0.0001007398168439;2
307;2451166666.666667;0.020797124132514;-0.187854215502739;-0.0019114259630441;-0.0003285208076704;2
308;2451333333.333334;0.0202639140188694;-0.1876200139522553;-0.001687717391178;-0.0002044116845354;2
309;2451500000.0;0.0195882152765989;-0.1873233765363693;-0.0018480765866115;-0.0001833114802138;2
310;2451666666.666667;0.0186973772943019;-0.1869939416646957;-0.0018388018943369;-0.0003619449562393;2
311;2451833333.333334;0.0179975107312202;-0.1866580694913864;-0.0018846555612981;-0.0003304385463707;2
312;2452000000.0;0.0172435473650693;-0.1863547265529633;-0.0019096123287454;-0.0003662206872832;2
313;2452166666.666667;0.0163949429988861;-0.1861240714788437;-0.0020957307424396;-0.000352401722921;2
314;2452333333.333334;0.0153212156146764;-0.1858750581741333;-0.0020570415072143;-0.0003026549820788;2
315;2452500000.0;0.0143038304522633;-0.1855279058218002;-0.0021836466621607;-0.0002091309870593;2
316;2452666666.666667;0.0130416275933384;-0.18503837287426;-0.0023061907850205;-0.0001484595704823;2
317;2452833333.333334;0.0118674589321017;-0.1845871210098267;-0.0023608051706105;-0.000298745551845;2
318;2453000000.0;0.0107418671250343;-0.1843148916959763;-0.0024097729474306;-1.421179968019715e-05;2
319;2453166666.666667;0.0094053018838167;-0.1840138584375382;-0.0025477344170212;8.985828026197851e-05;2
320;2453333333.333334;0.0082947583869099;-0.1836510300636292;-0.002701815450564;0.0002260267501696;2
321;2453500000.0;0.0068930308334529;-0.1833113133907318;-0.0026598102413117;0.0002118386037182;2
322;2453666666.666667;0.0056569487787783;-0.1830654591321945;-0.0027773121837526;0.0003332211636006;2
323;2453833333.333334;0.0040665371343493;-0.1827537566423416;-0.0027481662109494;0.0004874714068137;2
324;2454000000.0;0.002656741766259;-0.1823879927396774;-0.0027375412173569;0.0005388156860135;2
325;2454166666.666667;0.0012181001948192;-0.1823137253522873;-0.0026258141733706;0.0008006584830582;2
326;2454333333.333334;-0.0003338101669214;-0.1821480840444565;-0.0028342886362224;0.0008875112980604;2
327;2454500000.0;-0.001917446963489;-0.1819715052843094;-0.0027068627532571;0.001150160911493;2
328;2454666666.666667;-0.0033516399562358;-0.1818154603242874;-0.002702304162085;0.0011511708144098;2
329;2454833333.333334;-0.0048449682071805;-0.1815686821937561;-0.0028387168422341;0.0012597315944731;2
330;2455000000.0;-0.0063968757167458;-0.1816187649965286;-0.0027385472785681;0.0014950564363971;2
331;2455166666.666667;-0.0078479638323187;-0.1815070360898972;-0.0027154313866049;0.0015619001351296;2
332;2455333333.333334;-0.0092225186526775;-0.1813086122274399;-0.0026991709601134;0.0016222021076828;2
333;2455500000.0;-0.0108011765405535;-0.1813418567180634;-0.0025685331784188;0.0017996795941144;2
334;2455666666.666667;-0.0121665112674236;-0.1812839508056641;-0.0025764366146177;0.0019454911816865;2
335;2455833333.333334;-0.0134365130215883;-0.1813058257102966;-0.0024380956310778;0.0021230482961982;2
336;2456000000.0;-0.0146868862211704;-0.1813333034515381;-0.0022796466946601;0.0019985588733106;2
337;2456166666.666667;-0.0158337969332933;-0.1814550757408142;-0.00231380504556;0.0021839884575456;2
338;2456333333.333334;-0.0170306116342544;-0.1818031668663025;-0.0021738607902079;0.0023782672360539;2
339;2456500000.0;-0.0183038953691721;-0.182027742266655;-0.0019709439948201;0.0024543192703276;2
340;2456666666.666667;-0.0195606593042612;-0.1822227686643601;-0.0019276740495115;0.0025624325498938;2
341;2456833333.333334;-0.020527571439743;-0.1824179142713547;-0.0018494018586352;0.0027152663096785;2
342;2457000000.0;-0.021657295525074;-0.1827470362186432;-0.0016002042684704;0.0028945298399776;2
343;2457166666.666667;-0.0228889007121324;-0.183132216334343;-0.0015658260090276;0.002983751008287;2
344;2457333333.333334;-0.0238163042813539;-0.1833139806985855;-0.0013982946984469;0.0029468350112438;2
345;2457500000.0;-0.0248309429734945;-0.1835723072290421;-0.0013049599947407;0.0030539161525666;2
346;2457666666.666667;-0.0256704203784465;-0.1840195655822754;-0.0012086287606507;0.0029861880466341;2
347;2457833333.333334;-0.0268187187612056;-0.1841978579759598;-0.0008833312895148;0.0031575390603393;2
348;2458000000.0;-0.0274957735091447;-0.1842395812273026;-0.0007230271003209;0.0031330375932157;2
349;2458166666.666667;-0.028343828395009;-0.184597909450531;-0.000604351691436;0.0032200736459344;2
350;2458333333.333334;-0.0291395504027605;-0.1851013451814652;-0.0003291596076451;0.0033169146627187;2
351;2458500000.0;-0.0299406647682189;-0.1848882883787155;-0.0002193161344621;0.0032304946798831;2
352;2458666666.666667;-0.0308013558387756;-0.1850578188896179;2.232394217571709e-05;0.0032494524493813;2
353;2458833333.333334;-0.0315102152526378;-0.1849934905767441;0.0001056726250681;0.0031461303588002;2
354;2459000000.0;-0.0321347899734973;-0.1851598173379898;0.000373887567548;0.0030293522868305;2
355;2459166666.666667;-0.032879926264286;-0.1851555705070496;0.0004235311353113;0.0029556977096945;2
356;2459333333.333334;-0.0334039144217968;-0.1848651468753815;0.000638990488369;0.0028737341053783;2
357;2459500000.0;-0.0339024029672145;-0.184853196144104;0.0009353799396194;0.0027878012042492;2
358;2459666666.666667;-0.0346981734037399;-0.1846150159835815;0.0009819753468036;0.0027479007840156;2
359;2459833333.333334;-0.0351813770830631;-0.1845420449972153;0.0011048037558794;0.002413272857666;2
360;2460000000.0;-0.0357605218887329;-0.1842012852430344;0.0011096246307715;0.0023324089124798;2
361;2460166666.666667;-0.0364258475601673;-0.1838249713182449;0.0012346677249297;0.0021354295313358;2
362;2460333333.333334;-0.0369385071098804;-0.183482900261879;0.0011853787582367;0.0020520885009318;2
363;2460500000.0;-0.0375622473657131;-0.1831744164228439;0.0012894890969619;0.0019216815708205;2
364;2460666666.666667;-0.0382279157638549;-0.1827778667211533;0.0012289334554225;0.0018932312959805;2
365;2460833333.333334;-0.0387644693255424;-0.1821891516447067;0.0014145454624667;0.0017343268264085;2
366;2461000000.0;-0.0396187081933021;-0.181888535618782;0.0012181868078187;0.0015433381777256;2
367;2461166666.666667;-0.0400908067822456;-0.1812958121299744;0.0010844595963135;0.0013945766258984;2
368;2461333333.333334;-0.0411428362131118;-0.1806295663118362;0.0012349670287221;0.00136850529816;2
369;2461500000.0;-0.041842982172966;-0.180002823472023;0.0010604202980175;0.0012309476733207;2
370;2461666666.666667;-0.0428597778081893;-0.179476410150528;0.0009373762295581;0.0012454581446945;2
371;2461833333.333334;-0.0438825935125351;-0.1787883937358856;0.001089627854526;0.0013368946965783;2
372;2462000000.0;-0.0447570905089378;-0.1780477911233902;0.0008382879314012;0.0010722780134528;2
373;2462166666.666667;-0.0457887910306453;-0.1773379147052765;0.0009057492716237;0.0013805921189486;2
374;2462333333.333334;-0.0469911359250545;-0.1766406297683716;0.0009484248002991;0.001203637686558;2
375;2462500000.0;-0.0481317862868309;-0.1758601665496826;0.0008986793109215;0.0012448069173842;2
376;2462666666.666667;-0.0492084547877311;-0.1750847101211548;0.0008202227181755;0.0013412355910986;2
377;2462833333.333334;-0.0506076328456401;-0.1742024123668671;0.0006352989003062;0.0012355351354926;2
378;2463000000.0;-0.0516160242259502;-0.1733182817697525;0.000619948899839;0.0012750269379466;2
379;2463166666.666667;-0.0529668144881725;-0.1724010854959488;0.0007034726440906;0.0012005747994408;2
380;2463333333.333334;-0.0541472695767879;-0.1718076169490814;0.0007449826225638;0.0014131609350442;2
381;2463500000.0;-0.0557473823428154;-0.1708414852619171;0.0007662158459424;0.0013314757961779;2
382;2463666666.666667;-0.0570895075798034;-0.1703285276889801;0.0007511109579354;0.0014606229960918;2
383;2463833333.333334;-0.0584907047450542;-0.169517382979393;0.0008572372607886;0.0013685674639418;2
384;2464000000.0;-0.0598173663020134;-0.1686848104000092;0.0008653638069517;0.0015013245865702;2
385;2464166666.666667;-0.0611533597111702;-0.1680669635534287;0.0008776704780757;0.001492996350862;2
386;2464333333.333334;-0.0627194643020629;-0.1673045605421066;0.0010594386840239;0.0015422840369865;2
387;2464500000.0;-0.0641458630561828;-0.1667070537805557;0.0010317909764125;0.0015765718417242;2
388;2464666666.666667;-0.0656859576702117;-0.1660083085298538;0.001043839380145;0.0013834988931193;2
389;2464833333.333334;-0.0668643191456794;-0.1655024886131287;0.0011696097208186;0.0015030169161036;2
390;2465000000.0;-0.0683242157101631;-0.1649113893508911;0.0013243842404335;0.0015229515265673;2
391;2465166666.666667;-0.0698315873742103;-0.1643319129943848;0.0012649376876652;0.0014753341674804;2
392;2465333333.333334;-0.0711967498064041;-0.1638400703668594;0.0013213971396908;0.0014287786325439;2
393;2465500000.0;-0.0724212303757667;-0.1635046005249023;0.0013361395103856;0.0014695649733766;2
394;2465666666.666667;-0.0739601925015449;-0.1630734354257584;0.001303230994381;0.0013914654264226;2
395;2465833333.333334;-0.0753172859549522;-0.1626935303211212;0.0012109439121559;0.001416987623088;2
396;2466000000.0;-0.0764651373028755;-0.162408858537674;0.0012120004976168;0.0015211200807243;2
397;2466166666.666667;-0.0776739344000816;-0.1621327549219132;0.0014221946476027;0.0015814610524103;2
398;2466333333.333334;-0.0789151862263679;-0.1620218604803085;0.0013353609247133;0.0015259974170476;2
399;2466500000.0;-0.0801391080021858;-0.1618948131799698;0.0014186835614964;0.0015079160220921;2
400;2466666666.666667;-0.0811582580208778;-0.1616993397474289;0.0016546417027711;0.0016507105901837;2
401;2466833333.333334;-0.0821570754051208;-0.1615174114704132;0.0016579016810283;0.0016659182729199;2
402;2467000000.0;-0.0832500681281089;-0.1612300872802734;0.0017231726087629;0.0016122973756864;2
403;2467166666.666667;-0.0843225568532943;-0.1612148135900497;0.0021147343795746;0.0017153404187411;2
404;2467333333.333334;-0.0854729562997818;-0.1610359102487564;0.0020122884307056;0.0015582441119477;2
405;2467500000.0;-0.0857776552438736;-0.1609645932912827;0.0021251374855637;0.0015066033229231;2
406;2467666666.666667;-0.0866975784301757;-0.1607495993375778;0.0023024249821901;0.0015415843809023;2
407;2467833333.333334;-0.0873073637485504;-0.1607682704925537;0.0025947608519345;0.0012391929049044;2
408;2468000000.0;-0.0881811752915382;-0.1609049141407013;0.0026875934563577;0.0011232802644371;2
409;2468166666.666667;-0.0887889489531517;-0.1607129126787186;0.0027825718279927;0.0009297826327383;2
410;2468333333.333334;-0.0895413383841514;-0.160554513335228;0.0028133511077612;0.0007868436514399;2
411;2468500000.0;-0.0900008380413055;-0.1602852791547775;0.0028233281336724;0.00058913778048;2
412;2468666666.666667;-0.0906576439738273;-0.1602173298597336;0.0028347901534289;0.0005460856482386;2
413;2468833333.333334;-0.091222234070301;-0.1598735302686691;0.002972540911287;0.0004271544748917;2
414;2469000000.0;-0.0918005779385566;-0.1595509052276611;0.002896471414715;0.000227793585509;2
415;2469166666.666667;-0.0920506790280342;-0.1592042446136475;0.0028632348403334;2.557241168688051e-05;2
416;2469333333.333334;-0.0924788638949394;-0.158986434340477;0.0027367996517568;-8.056344813667238e-05;2
417;2469500000.0;-0.0930463895201683;-0.1584131121635437;0.0028585726395249;-0.0001831553963711;2
418;2469666666.666667;-0.0934347435832023;-0.1580971330404282;0.0026542746927589;-0.0002191133244195;2
419;2469833333.333334;-0.0939773768186569;-0.1574787795543671;0.0027408045716583;-0.00040075823199;2
420;2470000000.0;-0.0941724553704261;-0.1569755077362061;0.0026802050415426;-0.0006387492758221;2
421;2470166666.666667;-0.0945601984858512;-0.1563899219036102;0.0025903636123985;-0.0005213315598666;2
422;2470333333.333334;-0.094928041100502;-0.1558492630720139;0.0026063278783112;-0.000623335072305;2
423;2470500000.0;-0.0953094810247421;-0.1552432775497437;0.0025405650958418;-0.0007562563987448;2
424;2470666666.666667;-0.0958721488714218;-0.1545101255178452;0.0024981843307614;-0.0007315066177397;2
425;2470833333.333334;-0.0962286815047264;-0.1539172977209091;0.002455040346831;-0.0008673399570398;2
426;2471000000.0;-0.0967352017760276;-0.1528709828853607;0.0023174192756414;-0.0008962285937741;2
427;2471166666.666667;-0.0971982851624488;-0.1521897464990616;0.0023622044827789;-0.0010435351869091;2
428;2471333333.333334;-0.0979131162166595;-0.1514165252447128;0.0022359141148626;-0.0010997956851497;2
429;2471500000.0;-0.0984235554933548;-0.1504320949316025;0.0021096682175993;-0.0011214135447517;2
430;2471666666.666667;-0.0990695282816886;-0.1493706852197647;0.0022001443430781;-0.0012366144219413;2
431;2471833333.333334;-0.0995921716094017;-0.1483063399791718;0.0020411012228578;-0.0011949205072596;2
432;2472000000.0;-0.1004203706979752;-0.1474321633577347;0.0020632108207792;-0.0013308417983353;2
433;2472166666.666667;-0.1010849475860596;-0.1465919017791748;0.0020208258647471;-0.001260609482415;2
434;2472333333.333334;-0.1020536795258522;-0.1454694271087647;0.0019696843810379;-0.0014116425300017;2
435;2472500000.0;-0.1029243171215057;-0.1443478912115097;0.0020512049086391;-0.0014829121064394;2
436;2472666666.666667;-0.1036514341831207;-0.1433623433113098;0.0016886284574866;-0.0013614448253065;2
437;2472833333.333334;-0.1046590805053711;-0.1423283964395523;0.0018401509150862;-0.001218999386765;2
438;2473000000.0;-0.1055537164211273;-0.1411802023649216;0.0015878981212154;-0.0013386538485065;2
439;2473166666.666667;-0.1068864986300468;-0.1401257067918778;0.001751956064254;-0.0014045381685718;2
440;2473333333.333334;-0.1080403402447701;-0.1389613896608353;0.0016873099375516;-0.0013497527688741;2
441;2473500000.0;-0.1092584878206253;-0.137920692563057;0.0016329888021573;-0.001473510172218;2
442;2473666666.666667;-0.1104607284069061;-0.1367945522069931;0.0016625695861876;-0.0013257125392556;2
443;2473833333.333334;-0.1116794347763062;-0.1357467770576477;0.0017504325369372;-0.0012793905334547;2
444;2474000000.0;-0.1130894720554352;-0.1346125900745392;0.0017444753320887;-0.0013917351607233;2
445;2474166666.666667;-0.1141515523195267;-0.1333287954330444;0.0016969359712675;-0.0014690764946863;2
446;2474333333.333334;-0.1156209334731102;-0.1321141421794891;0.0018441610736772;-0.0015692078741267;2
447;2474500000.0;-0.1169819608330727;-0.1312710493803024;0.0019848933443427;-0.0016084712697193;2
448;2474666666.666667;-0.1181287169456482;-0.1301227658987045;0.0019273209618404;-0.0017587327165529;2
449;2474833333.333334;-0.1194014921784401;-0.1291417479515076;0.0019930333364754;-0.0018909032223746;2
450;2475000000.0;-0.1207236275076866;-0.1279212683439255;0.0020959766115993;-0.0020091033075004;2
451;2475166666.666667;-0.1219215989112854;-0.1269206255674362;0.0020518091041594;-0.0021939186844974;2
452;2475333333.333334;-0.1229906529188156;-0.1261233985424042;0.0020006177946925;-0.002241056645289;2
453;2475500000.0;-0.1241456270217896;-0.1251349896192551;0.0017781765200197;-0.0023266680072993;2
454;2475666666.666667;-0.1252342313528061;-0.1244416236877441;0.0018561024917289;-0.002619172912091;2
455;2475833333.333334;-0.1263655424118042;-0.123702272772789;0.0016309096245095;-0.0028521032072603;2
456;2476000000.0;-0.1272964179515839;-0.1229224279522896;0.0014840714866295;-0.0029877475462853;2
457;2476166666.666667;-0.1284168213605881;-0.1223192363977432;0.0014544723089784;-0.0030001704581081;2
458;2476333333.333334;-0.1294268220663071;-0.1216142624616623;0.0013119678478688;-0.0032391394488513;2
459;2476500000.0;-0.1304361075162888;-0.1209053844213486;0.0008901438559405;-0.0032303142361342;2
460;2476666666.666667;-0.1312760710716248;-0.1205326616764069;0.0008542141295038;-0.0033340367954224;2
461;2476833333.333334;-0.1322166174650192;-0.1198061555624008;0.0006273720646277;-0.0033651483245193;2
462;2477000000.0;-0.1331760287284851;-0.1191214174032211;0.0004326634516473;-0.0034118429757654;2
463;2477166666.666667;-0.1338442713022232;-0.1186792477965355;0.0001898536429507;-0.0033828529994934;2
464;2477333333.333334;-0.1345671564340591;-0.1180343627929688;3.671487547762808e-06;-0.0033274530433118;2
465;2477500000.0;-0.1353310495615006;-0.1172554939985275;-0.0002131264045601;-0.003256496740505;2
466;2477666666.666667;-0.1359939128160477;-0.1168111562728882;-0.0002582340675871;-0.0032463432289659;2
467;2477833333.333334;-0.13651043176651;-0.1160860508680344;-0.0005450478638522;-0.0029800976626574;2
468;2478000000.0;-0.1368730664253235;-0.1156560182571411;-0.0006189105915836;-0.0030278349295258;2
469;2478166666.666667;-0.1374000459909439;-0.1150302961468697;-0.0006728274165652;-0.0030791335739195;2
470;2478333333.333334;-0.1377788484096527;-0.1143055185675621;-0.0007509802817367;-0.0029255750123411;2
471;2478500000.0;-0.1380010396242142;-0.1136301457881928;-0.0007635700167156;-0.0028556720353662;2
472;2478666666.666667;-0.1381457448005676;-0.112975001335144;-0.0008874729392118;-0.0027064133901149;2
473;2478833333.333334;-0.1382580548524857;-0.1123112887144089;-0.0009831934003159;-0.0026450308505445;2
474;2479000000.0;-0.1384671628475189;-0.1117323115468025;-0.0011271219700574;-0.002432040637359;2
475;2479166666.666667;-0.1387990713119507;-0.1109324395656586;-0.0011636391282081;-0.0023160553537309;2
476;2479333333.333334;-0.1389203816652298;-0.1100003123283386;-0.0011487012961879;-0.0024228955153375;2
477;2479500000.0;-0.1389278620481491;-0.109422005712986;-0.0011143264127895;-0.0022409353405237;2
478;2479666666.666667;-0.1392500400543213;-0.1087299659848213;-0.0010543026728555;-0.0022357546258717;2
479;2479833333.333334;-0.1393269598484039;-0.107547715306282;-0.0012575971195474;-0.0022143102250993;2
480;2480000000.0;-0.1393189281225205;-0.1069126352667809;-0.001260987133719;-0.0022069464903324;2
481;2480166666.666667;-0.1394965648651123;-0.1059493124485016;-0.0011370789725333;-0.0021714915055781;2
482;2480333333.333334;-0.1395743191242218;-0.1049375161528587;-0.0012678009225055;-0.0020915779750794;2
483;2480500000.0;-0.1397860050201416;-0.103909008204937;-0.0012005207827314;-0.0020412181038409;2
484;2480666666.666667;-0.1398510783910751;-0.1028892546892166;-0.0013376307906582;-0.0019582936074584;2
485;2480833333.333334;-0.140169620513916;-0.1016164347529411;-0.0013565530534833;-0.0019720566924661;2
486;2481000000.0;-0.1404502838850021;-0.1004308760166168;-0.0013011456467211;-0.0021247214172035;2
487;2481166666.666667;-0.1410509198904038;-0.0991432964801788;-0.001405308721587;-0.0019828875083476;2
488;2481333333.333334;-0.1412209570407867;-0.0979215279221534;-0.0013888017274439;-0.0020563378930091;2
489;2481500000.0;-0.1417685598134995;-0.0966548770666122;-0.0016954734455794;-0.0020131622441113;2
490;2481666666.666667;-0.1422069817781448;-0.0949500128626823;-0.0014602934243157;-0.0019038901664316;2
491;2481833333.333334;-0.1427423655986786;-0.0934545248746872;-0.0017957006348297;-0.0020627859048545;2
492;2482000000.0;-0.1434215903282166;-0.0917593836784362;-0.0018757159123197;-0.0019876880105584;2
493;2482166666.666667;-0.1440985500812531;-0.0901955515146255;-0.0019259566906839;-0.001999411964789;2
494;2482333333.333334;-0.1445515006780624;-0.0885710790753364;-0.0019770027138292;-0.0018642942886799;2
495;2482500000.0;-0.1453677266836166;-0.0868347212672233;-0.002172301756218;-0.0019393599359318;2
496;2482666666.666667;-0.1460485309362412;-0.0851133689284324;-0.0022617417853325;-0.0018579148454591;2
497;2482833333.333334;-0.1466418504714966;-0.0834174752235412;-0.0023008428979665;-0.0015715637709945;2
498;2483000000.0;-0.1475659906864166;-0.0814490392804145;-0.0025311303324997;-0.0014428601134568;2
499;2483166666.666667;-0.1482130885124207;-0.079848513007164;-0.0024509532377123;-0.0014740112237632;2
500;2483333333.333334;-0.1491173952817917;-0.0781643167138099;-0.002602573717013;-0.0013076579198241;2
501;2483500000.0;-0.1499605774879456;-0.0768114551901817;-0.0026969544123858;-0.0009257313795387;2
502;2483666666.666667;-0.1508476734161377;-0.0749127119779586;-0.0027470239438116;-0.0008930627373047;2
503;2483833333.333334;-0.1517753899097443;-0.0733834356069564;-0.0025329443160444;-0.000727433944121;2
504;2484000000.0;-0.1526820063591003;-0.0717275366187095;-0.0026938137598335;-0.0006045804475434;2
505;2484166666.666667;-0.153756394982338;-0.0702719986438751;-0.0024365980643779;-0.0004501514486037;2
506;2484333333.333334;-0.1547266840934753;-0.0689640194177627;-0.0025039445608854;-0.0004377705336082;2
507;2484500000.0;-0.1556773036718369;-0.067391499876976;-0.0023139102850109;-0.0002154406975023;2
508;2484666666.666667;-0.1567182987928391;-0.0661322623491287;-0.0021707427222281;-0.0002409500157227;2
509;2484833333.333334;-0.1578406095504761;-0.0645295605063438;-0.0021585873328149;-9.957963629858568e-05;2
510;2485000000.0;-0.1588483899831772;-0.0633105188608169;-0.0020316499285399;-7.311732042580843e-05;2
511;2485166666.666667;-0.1598992943763733;-0.0620416589081287;-0.001862081233412;-4.714067472377792e-05;2
512;2485333333.333334;-0.1608290076255798;-0.0608170479536056;-0.0018018027767539;-0.0001724401372484;2
513;2485500000.0;-0.1618666797876358;-0.0595558397471904;-0.0016503975493833;-0.0002095055242534;2
514;2485666666.666667;-0.1627169996500015;-0.0585092455148696;-0.0016857704613357;-0.0003189095295965;2
515;2485833333.333334;-0.16364386677742;-0.0577519498765468;-0.0016476173186674;-0.0003935106797143;2
516;2486000000.0;-0.1645000576972961;-0.056581974029541;-0.0016588167054578;-0.0005335891037248;2
517;2486166666.666667;-0.1653203815221787;-0.0556236431002616;-0.0016972729936242;-0.0005140815046615;2
518;2486333333.333334;-0.1659406423568726;-0.0548127442598342;-0.001747507834807;-0.0007735884282737;2
519;2486500000.0;-0.1669132262468338;-0.053986769169569;-0.0018564371857792;-0.0007669771439395;2
520;2486666666.666667;-0.1672887206077576;-0.0533060394227504;-0.001945829950273;-0.0008566117612645;2
521;2486833333.333334;-0.1679981648921967;-0.0526260510087013;-0.0021602432243525;-0.0009457320556975;2
522;2487000000.0;-0.1686179786920548;-0.0521755926311016;-0.0024469133932143;-0.0008967404719442;2
523;2487166666.666667;-0.1688411682844162;-0.0515567287802696;-0.0026435051113367;-0.0009571382543072;2
524;2487333333.333334;-0.1693392246961594;-0.0508098192512989;-0.0027068818453699;-0.0006691567832604;2
525;2487500000.0;-0.1695719063282013;-0.0502549856901168;-0.0031372962985187;-0.0005345395184122;2
526;2487666666.666667;-0.1698554158210754;-0.0497827939689159;-0.0031261281110346;-0.0003954033600166;2
527;2487833333.333334;-0.1701516658067703;-0.049317643046379;-0.0033324169926345;-0.0003628975828178;2
528;2488000000.0;-0.1702984869480133;-0.0488303415477275;-0.0034543632064014;0.000108928863483;2
529;2488166666.666667;-0.1705932468175888;-0.0480836108326911;-0.0034951700363308;0.0004237481043674;2
530;2488333333.333334;-0.1707410216331482;-0.0476886294782161;-0.0035274873953312;0.0006347939488478;2
531;2488500000.0;-0.1707576364278793;-0.0472250133752822;-0.0034444897901266;0.0008230503299273;2
532;2488666666.666667;-0.1708456724882126;-0.0466080904006958;-0.0033999169245362;0.0010318661807104;2
533;2488833333.333334;-0.1708281487226486;-0.046135127544403;-0.0032905454281717;0.0012345229042693;2
534;2489000000.0;-0.1708023548126221;-0.0451065525412559;-0.0032054709736257;0.0016133128665387;2
535;2489166666.666667;-0.1706745773553848;-0.0443846434354782;-0.0029364679940044;0.0015167070087045;2
536;2489333333.333334;-0.1708031743764877;-0.0436195880174636;-0.0027353288605809;0.0018556655850261;2
537;2489500000.0;-0.1706131249666214;-0.042646836489439;-0.0026099062524735;0.0017272214172407;2
538;2489666666.666667;-0.1704411953687668;-0.0414934903383255;-0.0025767819024622;0.0017863004468381;2
539;2489833333.333334;-0.1703455746173859;-0.0402221493422985;-0.0023152732755988;0.0017892958130687;2
540;2490000000.0;-0.1700937449932098;-0.0392243675887584;-0.0021697434131056;0.0019897371530532;2
541;2490166666.666667;-0.1696776151657105;-0.0378497876226902;-0.0021679389756172;0.0018713884055614;2
542;2490333333.333334;-0.1695567518472672;-0.036615502089262;-0.0020053312182426;0.0018037039553746;2
543;2490500000.0;-0.168828472495079;-0.0348710156977176;-0.0020799757912755;0.0018623684300109;2
544;2490666666.666667;-0.1688064187765122;-0.033214621245861;-0.0018029988277703;0.0019449630053713;2
545;2490833333.333334;-0.1682118326425552;-0.0318322069942951;-0.0018650869606062;0.0018589365063235;2
546;2491000000.0;-0.16814124584198;-0.0299714766442775;-0.0019176866626366;0.0019920656923204;2
547;2491166666.666667;-0.1676110625267029;-0.028177810832858;-0.0017806317191571;0.0019670000765472;2
548;2491333333.333334;-0.1672873497009277;-0.0263241007924079;-0.0017969842301681;0.0021170994732528;2
549;2491500000.0;-0.1669720560312271;-0.0245350897312164;-0.0017315237782895;0.0021571954712271;2
550;2491666666.666667;-0.1666339933872223;-0.0224704258143901;-0.0018998064333572;0.0019850260578095;2
551;2491833333.333334;-0.1663473844528198;-0.0202264599502086;-0.0016833813861012;0.002113752067089;2
552;2492000000.0;-0.1659750789403915;-0.0184642113745212;-0.0016663845162838;0.0022498043254017;2
553;2492166666.666667;-0.1656421720981598;-0.0161108523607254;-0.0016448680544272;0.0022806243505328;2
554;2492333333.333334;-0.1655097454786301;-0.0140028642490506;-0.0017141862772405;0.0024015484377741;2
555;2492500000.0;-0.1653346717357636;-0.0116416122764349;-0.0015624982770532;0.0025149015709757;2
556;2492666666.666667;-0.1649773120880127;-0.0094618136063218;-0.0015393056673929;0.0026334677822887;2
557;2492833333.333334;-0.1647287160158157;-0.0072067910805344;-0.0012494043912738;0.002601143438369;2
558;2493000000.0;-0.1647530198097229;-0.0050939954817295;-0.0013164686970412;0.0026147975586354;2
559;2493166666.666667;-0.1646782159805298;-0.0029632835648953;-0.0012482550228014;0.0026527468580752;2
560;2493333333.333334;-0.1646427661180496;-0.0009209252893924;-0.00104022747837;0.0027787142898887;2
561;2493500000.0;-0.1645507365465164;0.0014820634387433;-0.000930112786591;0.0026482192333787;2
562;2493666666.666667;-0.1647633612155914;0.0035520095843821;-0.0010337153216823;0.0026465228293091;2
563;2493833333.333334;-0.1647982597351074;0.0055323541164398;-0.0009795423829928;0.0027505739126354;2
564;2494000000.0;-0.1650033444166184;0.0076479851268231;-0.0008596933330409;0.0028133331798017;2
565;2494166666.666667;-0.1650229245424271;0.0095881856977939;-0.0008715391741134;0.0028314457740634;2
566;2494333333.333334;-0.1653738915920258;0.0113369673490524;-0.0007142188260331;0.0028698178939521;2
567;2494500000.0;-0.1657383739948273;0.0131720062345266;-0.00061522773467;0.0028740707784891;2
568;2494666666.666667;-0.1660960614681244;0.0149352019652724;-0.0006316698272712;0.0028523108921945;2
569;2494833333.333334;-0.1664842069149017;0.0164679586887359;-0.0006452053785324;0.0030036722309887;2
570;2495000000.0;-0.1670166701078415;0.0181901361793279;-0.0006529667298309;0.0029940600506961;2
571;2495166666.666667;-0.1676394790410996;0.019760875031352;-0.000530062126927;0.0029720831662416;2
572;2495333333.333334;-0.168147087097168;0.0213180240243673;-0.0003787635650951;0.0031829650979489;2
573;2495500000.0;-0.1688737720251083;0.0226957723498344;-0.0001890706771519;0.0031963612418621;2
574;2495666666.666667;-0.1695425361394882;0.0241422466933727;-0.0001200939514092;0.0033250828273594;2
575;2495833333.333334;-0.1700053960084915;0.0255034621804952;-7.527674461016431e-05;0.0034111933782696;2
576;2496000000.0;-0.170576199889183;0.0268145091831684;4.864730726694688e-05;0.0032878092024475;2
577;2496166666.666667;-0.1712017059326172;0.0280467085540294;0.0001701975706964;0.0032687915954738;2
578;2496333333.333334;-0.1718227714300156;0.0291998274624347;0.0003383736184332;0.0035328208468854;2
579;2496500000.0;-0.1723558157682419;0.0305722970515489;0.0005614130059257;0.0033480585552752;2
580;2496666666.666667;-0.1727216839790344;0.0316615886986255;0.0006783335702493;0.0032385983504354;2
581;2496833333.333334;-0.1729814559221268;0.032605018466711;0.0006285132840275;0.0035071221645921;2
582;2497000000.0;-0.1733534783124924;0.0338393002748489;0.0006063382606953;0.0035777150187641;2
583;2497166666.666667;-0.1736805737018585;0.0347051583230495;0.0009973243577405;0.0033843801356852;2
584;2497333333.333334;-0.1738069951534271;0.0356721952557563;0.0010870530968531;0.0034431214444339;2
585;2497500000.0;-0.1738862991333008;0.0365625843405723;0.0012208404950797;0.0034086576197296;2
586;2497666666.666667;-0.1736292988061905;0.037483349442482;0.0013870415277779;0.003541660727933;2
587;2497833333.333334;-0.1737767308950424;0.0385247245430946;0.0014967825263738;0.0034354941453784;2
588;2498000000.0;-0.1737325340509415;0.0393415912985801;0.0017602195730432;0.0036819707602262;2
589;2498166666.666667;-0.1733025163412094;0.0400088652968406;0.0018039313144981;0.0035086467396467;2
590;2498333333.333334;-0.1730595529079437;0.0409752540290355;0.002243933500722;0.0033026218879967;2
591;2498500000.0;-0.1726093292236328;0.041951235383749;0.0025667317677289;0.0030496416147798;2
592;2498666666.666667;-0.1721374988555908;0.0427513979375362;0.0026104396674782;0.0031707610469311;2
593;2498833333.333334;-0.1716671735048294;0.0434821769595146;0.0026660184375941;0.0030411714687943;2
594;2499000000.0;-0.170868843793869;0.0443670786917209;0.0027840165421366;0.0027572507970035;2
595;2499166666.666667;-0.1702686846256256;0.0452528819441795;0.0029660505242645;0.0026360750198364;2
596;2499333333.333334;-0.1694390922784805;0.0461834482848644;0.0029653906822204;0.002609304850921;2
597;2499500000.0;-0.1688725203275681;0.0470394678413868;0.0032436160836368;0.0022587615530937;2
598;2499666666.666667;-0.1679040640592575;0.0483167357742786;0.0030870786868035;0.0022832052782177;2
599;2499833333.333334;-0.1672118604183197;0.0492901839315891;0.0034351791255176;0.0021360928658396;2
600;2500000000.0;-0.1662334501743317;0.0503797531127929;0.0035561025142669;0.0018669361015781;2
